Workbook

Sheet 二次校验报告
A1: 企业人事管理系统前端 · 请求地址完整性与运行时二次校验报告
A2: 生成时间：2026/9/15 14:58:28 | 数据源：D:/Workspace/enterprise-hr-management/enterprise_hr_schema.sql | 通道：mock（VITE_USE_MOCK=true，生产构建为 false）
A3: 请求地址总数 | B3: 已实现（mock） | C3: 建表 SQL 表数 | D3: 请求地址已覆盖表数 | E3: 运行时用例总数 | F3: 用例通过数 | G3: 用例通过率 | H3: 业务规则拦截断言
A4: =COUNTA(接口清单!E2:E92) -> 91 | B4: =COUNTIF(接口清单!J2:J92,"已实现") -> 91 | C4: =COUNTA(数据表覆盖校验!A2:A50) -> 49 | D4: =COUNTIF(数据表覆盖校验!D2:D50,"已覆盖") -> 40 | E4: =COUNTA(前端测试用例!A2:A114) -> 113 | F4: =COUNTIF(前端测试用例!I2:I114,"是") -> 113 | G4: =IF(OR($E$4="",$E$4=0),"",$F$4/$E$4) -> 1 | H4: =COUNTIF(前端测试用例!J2:J114,"通过（业务规则已拦截）") -> 11
A6: 校验结论
A7: 校验方式 | B7: 三层校验：① 静态契约（src/api 声明 ↔ mock 实现，归一化 ${} 与 :id 后比对）；② 数据表覆盖（建表 SQL 49 张表 → 供给接口 → 使用页面）；③ 运行时实测（无头浏览器跑通全部请求地址，含业务规则断言）。
A8: 请求地址完整性 | B8: src/api 共声明 91 个请求地址，mock 侧实现 91 条，契约匹配 91 个；悬空调用 0 个、冗余实现 0 个 → 前端功能所需请求地址**完整无缺口**。
A9: 运行时实测结果 | B9: 共执行 113 条端到端用例（覆盖 5 类角色 + 数据范围校验），通过 113 条、失败 0 条，通过率 100.0%；其中 11 条为业务规则/权限拦截断言：越权查看他人档案 403（NF-10 行级隔离）、部门删除保护（BR-03-02）、请假时间重叠（BR-04-01）、考勤未封账禁止核算（BR-05-02）、密码策略（BR-09-01）、管理员自保护（BR-09-02）、内置参数保护、登录口令校验、打卡幂等与前置条件校验。
A10: 数据表覆盖 | B10: 建表 SQL 共 49 张表，被请求地址直接覆盖 40 张，其余 9 张为「前端静态实现 / 联表返回 / 需补接口」，逐表说明见《数据表覆盖校验》。
A11: 本地配置数据 | B11: 允许留在前端的配置共 5 类：业务字典 49 组（与 DB 字段 COMMENT 同源）、系统常量、展示层格式化规则、路由权限矩阵、mock 数据（仅开发环境）。详见《本地配置数据》。
A12: 实测发现的缺陷（已修复） | B12: ① 侧边栏菜单计算属性漏处理叶子路由 → 全站菜单为空；② mock 分发器未剔除 null 查询参数 → 员工列表被误过滤为 0 条；③ PUT /employees/{id}/status 未解构 user → 转正/离职抛 ReferenceError；④ 新增类接口未返回新记录 id → 创建后无法定位记录（已补 id）；⑤ 演示员工缺少待自评绩效记录 → 员工自评链路无数据。
A14: 按业务模块统计（公式联动《接口清单》《前端测试用例》）
A15: 业务模块 | B15: 请求地址数 | C15: 测试用例数 | D15: 用例通过数 | E15: 通过率
A16: 考勤管理 | B16: =COUNTIF(接口清单!B2:B92,A16) -> 16 | C16: =COUNTIF(前端测试用例!B2:B114,A16) -> 17 | D16: =COUNTIFS(前端测试用例!B2:B114,A16,前端测试用例!I2:I114,"是") -> 17 | E16: =IF(OR(C16="",C16=0),"",D16/C16) -> 1
A17: 认证 | B17: =COUNTIF(接口清单!B2:B92,A17) -> 3 | C17: =COUNTIF(前端测试用例!B2:B114,A17) -> 4 | D17: =COUNTIFS(前端测试用例!B2:B114,A17,前端测试用例!I2:I114,"是") -> 4 | E17: =IF(OR(C17="",C17=0),"",D17/C17) -> 1
A18: 首页看板 | B18: =COUNTIF(接口清单!B2:B92,A18) -> 5 | C18: =COUNTIF(前端测试用例!B2:B114,A18) -> 5 | D18: =COUNTIFS(前端测试用例!B2:B114,A18,前端测试用例!I2:I114,"是") -> 5 | E18: =IF(OR(C18="",C18=0),"",D18/C18) -> 1
A19: 部门管理 | B19: =COUNTIF(接口清单!B2:B92,A19) -> 8 | C19: =COUNTIF(前端测试用例!B2:B114,A19) -> 10 | D19: =COUNTIFS(前端测试用例!B2:B114,A19,前端测试用例!I2:I114,"是") -> 10 | E19: =IF(OR(C19="",C19=0),"",D19/C19) -> 1
A20: 员工档案 | B20: =COUNTIF(接口清单!B2:B92,A20) -> 11 | C20: =COUNTIF(前端测试用例!B2:B114,A20) -> 14 | D20: =COUNTIFS(前端测试用例!B2:B114,A20,前端测试用例!I2:I114,"是") -> 14 | E20: =IF(OR(C20="",C20=0),"",D20/C20) -> 1
A21: 绩效考核 | B21: =COUNTIF(接口清单!B2:B92,A21) -> 7 | C21: =COUNTIF(前端测试用例!B2:B114,A21) -> 7 | D21: =COUNTIFS(前端测试用例!B2:B114,A21,前端测试用例!I2:I114,"是") -> 7 | E21: =IF(OR(C21="",C21=0),"",D21/C21) -> 1
A22: 招聘管理 | B22: =COUNTIF(接口清单!B2:B92,A22) -> 11 | C22: =COUNTIF(前端测试用例!B2:B114,A22) -> 11 | D22: =COUNTIFS(前端测试用例!B2:B114,A22,前端测试用例!I2:I114,"是") -> 11 | E22: =IF(OR(C22="",C22=0),"",D22/C22) -> 1
A23: 薪资管理 | B23: =COUNTIF(接口清单!B2:B92,A23) -> 8 | C23: =COUNTIF(前端测试用例!B2:B114,A23) -> 10 | D23: =COUNTIFS(前端测试用例!B2:B114,A23,前端测试用例!I2:I114,"是") -> 10 | E23: =IF(OR(C23="",C23=0),"",D23/C23) -> 1
A24: 系统设置 | B24: =COUNTIF(接口清单!B2:B92,A24) -> 14 | C24: =COUNTIF(前端测试用例!B2:B114,A24) -> 17 | D24: =COUNTIFS(前端测试用例!B2:B114,A24,前端测试用例!I2:I114,"是") -> 17 | E24: =IF(OR(C24="",C24=0),"",D24/C24) -> 1
A25: 通知公告 | B25: =COUNTIF(接口清单!B2:B92,A25) -> 4 | C25: =COUNTIF(前端测试用例!B2:B114,A25) -> 4 | D25: =COUNTIFS(前端测试用例!B2:B114,A25,前端测试用例!I2:I114,"是") -> 4 | E25: =IF(OR(C25="",C25=0),"",D25/C25) -> 1
A26: 培训管理 | B26: =COUNTIF(接口清单!B2:B92,A26) -> 4 | C26: =COUNTIF(前端测试用例!B2:B114,A26) -> 4 | D26: =COUNTIFS(前端测试用例!B2:B114,A26,前端测试用例!I2:I114,"是") -> 4 | E26: =IF(OR(C26="",C26=0),"",D26/C26) -> 1
A27: 权限与数据范围 | B27: =COUNTIF(接口清单!B2:B92,A27) -> 0 | C27: =COUNTIF(前端测试用例!B2:B114,A27) -> 10 | D27: =COUNTIFS(前端测试用例!B2:B114,A27,前端测试用例!I2:I114,"是") -> 10 | E27: =IF(OR(C27="",C27=0),"",D27/C27) -> 1
A28: 合计 | B28: =SUM(B16:B27) -> 91 | C28: =SUM(C16:C27) -> 113 | D28: =SUM(D16:D27) -> 113 | E28: =IF(OR(C28="",C28=0),"",D28/C28) -> 1
A30: 风险与后续建议
A31: 需补请求地址（9 张表） | B31: sys_menu 由前端路由 meta.roles 静态实现；sys_role_menu、employee_attachment、employee_schedule、employee_salary、insurance_config、insurance_record、trainer、job_posting 建议按《数据表覆盖校验》补齐接口后再开工页面。
A32: 字典数据源双轨 | B32: 业务页当前读取前端本地字典（与 DB COMMENT 同源），管理端已具备 /api/sys/dict-types 接口；建议对接后端后统一切换为字典接口下发，避免双轨不一致。
A33: 数据脱敏 | B33: 员工身份证/手机号已在数据层（empVO）脱敏；银行卡号等字段在真实后端 VO 需同步实现，不能仅依赖展示函数。
A34: 权限矩阵 | B34: meta.roles 与需求 2.5 一致，运行时已验证 emp01 越权查看他人档案返回 403、主管仅见本部门数据；对接真实后端后需回归同一组用例（本表可直接复用）。

Sheet 接口清单
A1: 序号 | B1: 业务模块 | C1: 接口用途 | D1: 请求方法 | E1: 请求地址 | F1: 请求参数 | G1: 对应数据表 | H1: 使用页面 | I1: 涉及角色 | J1: 实现状态 | K1: 运行时验证
A2: 1 | B2: 考勤管理 | C2: 今日考勤状态（F-04-01）：GET /api/attendance/today | D2: GET | E2: /api/attendance/today | F2: — | G2: attendance_record、shift | H2: 打卡签到 /attendance/checkin | I2: 人事专员、普通员工 | J2: 已实现 | K2: 通过
A3: 2 | B3: 考勤管理 | C3: 上班打卡：POST /api/attendance/checkin | D3: POST | E3: /api/attendance/checkin | F3: — | G3: attendance_record、shift | H3: 打卡签到 /attendance/checkin | I3: 人事专员 | J3: 已实现 | K3: 通过
A4: 3 | B4: 考勤管理 | C4: 下班打卡：POST /api/attendance/checkout | D4: POST | E4: /api/attendance/checkout | F4: — | G4: attendance_record、shift | H4: 打卡签到 /attendance/checkin | I4: 人事专员 | J4: 已实现 | K4: 通过
A5: 4 | B5: 考勤管理 | C5: 我的打卡记录：GET /api/attendance/records | D5: GET | E5: /api/attendance/records | F5: params | G5: attendance_record、shift | H5: 考勤统计 /attendance/monthly | I5: 人事专员、部门主管 | J5: 已实现 | K5: 通过
A6: 5 | B6: 考勤管理 | C6: 请假分页（F-04-02）：GET /api/leave-requests/page | D6: GET | E6: /api/leave-requests/page | F6: params | G6: leave_request、leave_type、employee、dept | H6: 请假申请 /attendance/leave | I6: 人事专员、普通员工 | J6: 已实现 | K6: 通过
A7: 6 | B7: 考勤管理 | C7: 提交请假（BR-04-01 时间重叠校验在服务端）：POST /api/leave-requests | D7: POST | E7: /api/leave-requests | F7: data | G7: leave_request、leave_balance、leave_type、todo_task、approval_record | H7: 请假申请 /attendance/leave | I7: 人事专员 | J7: 已实现 | K7: 通过
A8: 7 | B8: 考勤管理 | C8: 请假审批（直属主管→人事 审批链）：PUT /api/leave-requests/{id}/approve | D8: PUT | E8: /api/leave-requests/${id}/approve | F8: id, data | G8: leave_request、approval_record、todo_task | H8: 请假申请 /attendance/leave | I8: 人事专员 | J8: 已实现 | K8: 通过
A9: 8 | B9: 考勤管理 | C9: 我的假期余额（BR-04-02）：GET /api/leave-balances/my | D9: GET | E9: /api/leave-balances/my | F9: — | G9: leave_balance、leave_type | H9: 请假申请 /attendance/leave | I9: 人事专员 | J9: 已实现 | K9: 通过
A10: 9 | B10: 考勤管理 | C10: 加班分页（F-04-03）：GET /api/overtime-requests/page | D10: GET | E10: /api/overtime-requests/page | F10: params | G10: overtime_request、employee、dept | H10: 加班申请 /attendance/overtime | I10: 人事专员 | J10: 已实现 | K10: 通过
A11: 10 | B11: 考勤管理 | C11: 提交加班：POST /api/overtime-requests | D11: POST | E11: /api/overtime-requests | F11: data | G11: overtime_request、todo_task | H11: 加班申请 /attendance/overtime | I11: 人事专员 | J11: 已实现 | K11: 通过
A12: 11 | B12: 考勤管理 | C12: 加班审批：PUT /api/overtime-requests/{id}/approve | D12: PUT | E12: /api/overtime-requests/${id}/approve | F12: id, data | G12: overtime_request、approval_record | H12: 加班申请 /attendance/overtime | I12: 人事专员 | J12: 已实现 | K12: 通过
A13: 12 | B13: 考勤管理 | C13: 出差分页（F-04-04）：GET /api/business-trips/page | D13: GET | E13: /api/business-trips/page | F13: params | G13: business_trip、employee、dept | H13: 出差管理 /attendance/trip | I13: 人事专员 | J13: 已实现 | K13: 通过
... A92: 91 | B92: 培训管理 | C92: 我的培训档案（F-07-06 员工自助查看）：GET /api/training/my | D92: GET | E92: /api/training/my | F92: — | G92: training_record、training_enroll、training_plan | H92: 我的培训 /training/my | I92: 普通员工 | J92: 已实现 | K92: 通过

Sheet 前端测试用例
A1: 用例编号 | B1: 业务模块 | C1: 使用页面 | D1: 角色 | E1: 请求方法 | F1: 请求地址 | G1: 用例说明 | H1: 预期 | I1: 是否通过 | J1: 实测结果 | K1: 耗时(ms) | L1: 说明/数据摘要
A2: TC-001 | B2: 认证 | C2: 登录页 /login | D2: 未登录 | E2: POST | F2: /api/auth/login | G2: 登录（签发令牌） | H2: 返回成功数据 | I2: 是 | J2: 通过 | K2: 237 | L2: 2 字段：token,user
A3: TC-002 | B3: 认证 | C3: 守卫 permission.js | D3: 人事专员 | E3: GET | F3: /api/auth/me | G3: 当前登录用户信息 | H3: 返回成功数据 | I3: 是 | J3: 通过 | K3: 290 | L3: 7 字段：id,username,realName,employeeId,deptId,roles
A4: TC-003 | B4: 认证 | C4: 登录页 /login | D4: 人事专员 | E4: POST | F4: /api/auth/login | G4: 密码错误应被拒绝 | H4: 业务规则拦截 | I4: 是 | J4: 通过（业务规则已拦截） | K4: 341 | L4: 用户名或密码错误
A5: TC-004 | B5: 首页看板 | C5: 首页 /dashboard | D5: 人事专员 | E5: GET | F5: /api/dashboard/summary | G5: 指标卡（全量数据范围） | H5: 返回成功数据 | I5: 是 | J5: 通过 | K5: 289 | L5: 8 字段：totalEmployees,monthHired,monthLeft,deptCount,headcountLimit,attendanceAbnormal
A6: TC-005 | B6: 首页看板 | C6: 首页 /dashboard | D6: 人事专员 | E6: GET | F6: /api/dashboard/todos | G6: 待办事项 | H6: 返回成功数据 | I6: 是 | J6: 通过 | K6: 330 | L6: total=2, records=2
A7: TC-006 | B7: 首页看板 | C7: 首页 /dashboard | D7: 人事专员 | E7: GET | F7: /api/dashboard/notices | G7: 通知公告（看板） | H7: 返回成功数据 | I7: 是 | J7: 通过 | K7: 266 | L7: total=5, records=5
A8: TC-007 | B8: 首页看板 | C8: 首页 /dashboard | D8: 人事专员 | E8: GET | F8: /api/dashboard/charts | G8: 图表分析（折线/环形） | H8: 返回成功数据 | I8: 是 | J8: 通过 | K8: 250 | L8: 3 字段：deptDistribution,trend,perfGrades
A9: TC-008 | B9: 首页看板 | C9: 首页 /dashboard | D9: 人事专员 | E9: PUT | F9: /api/dashboard/todos/:id/handle | G9: 处理待办 | H9: 返回成功数据 | I9: 是 | J9: 通过 | K9: 249 | L9: success=true
A10: TC-009 | B10: 员工档案 | C10: 员工档案 /employee | D10: 人事专员 | E10: GET | F10: /api/employees/page | G10: 员工分页查询（hr 全量） | H10: 返回成功数据 | I10: 是 | J10: 通过 | K10: 247 | L10: total=36, records=10
A11: TC-010 | B11: 员工档案 | C11: 员工档案 /employee | D11: 人事专员 | E11: GET | F11: /api/employees/:id | G11: 员工详情（脱敏） | H11: 返回成功数据 | I11: 是 | J11: 通过 | K11: 222 | L11: 36 字段：id,emp_no,name,gender,age,birth_date
A12: TC-011 | B12: 员工档案 | C12: 员工档案 /employee | D12: 人事专员 | E12: POST | F12: /api/employees | G12: 入职办理（工号自动生成 BR-02-01） | H12: 返回成功数据 | I12: 是 | J12: 通过 | K12: 242 | L12: 2 字段：id,empNo
A13: TC-012 | B13: 员工档案 | C13: 员工档案 /employee | D13: 人事专员 | E13: PUT | F13: /api/employees/:id | G13: 修改员工信息 | H13: 返回成功数据 | I13: 是 | J13: 通过 | K13: 235 | L13: success=true
... A114: TC-113 | B114: 权限与数据范围 | C114: 绩效评分 /performance/record | D114: 普通员工 | E114: GET | F114: /api/performance-records/page | G114: 员工仅见本人绩效记录 | H114: 返回成功数据 | I114: 是 | J114: 通过 | K114: 361 | L114: total=3, records=3

Sheet 数据表覆盖校验
A1: 表名 | B1: 表注释 | C1: 字段数 | D1: 覆盖状态 | E1: 供给请求地址 | F1: 使用页面 | G1: 说明与处理建议
A2: sys_dict_type | B2: 字典类型表 | C2: 0 | D2: 已覆盖 | E2: GET /api/sys/dict-types；GET /api/sys/dict-types/${typeId}/items | F2: 数据字典 /system/dict | G2: 由上述接口直接供给
A3: sys_dict_item | B3: 字典项表 | C3: 0 | D3: 已覆盖 | E3: GET /api/sys/dict-types/${typeId}/items | F3: 数据字典 /system/dict | G3: 由上述接口直接供给
A4: sys_menu | B4: 菜单权限表 | C4: 0 | D4: 未覆盖 | E4: — | F4: — | G4: 菜单权限由前端路由 meta.roles 矩阵静态定义（与需求 2.5 一致）；后端菜单管理接口（F-09-03）本期未对接
A5: sys_role | B5: 角色表 | C5: 0 | D5: 已覆盖 | E5: POST /api/auth/login；GET /api/auth/me；GET /api/sys/users/page；GET /api/sys/roles；POST /api/sys/roles；PUT /api/sys/roles/${id} | F5: 登录页 /login；守卫 permission.js；用户管理 /system/user；角色权限 /system/role | G5: 由上述接口直接供给
A6: sys_config | B6: 系统参数表 | C6: 0 | D6: 已覆盖 | E6: GET /api/sys/configs；PUT /api/sys/configs/${id} | F6: 参数配置 /system/config | G6: 由上述接口直接供给
A7: sys_login_log | B7: 登录日志表 | C7: 0 | D7: 已覆盖 | E7: POST /api/auth/login；POST /api/auth/logout；GET /api/sys/logs/login | F7: 登录页 /login；布局退出登录；日志审计 /system/log | G7: 由上述接口直接供给
A8: sys_oper_log | B8: 操作日志表 | C8: 0 | D8: 已覆盖 | E8: GET /api/sys/logs/oper | F8: 日志审计 /system/log | G8: 由上述接口直接供给
A9: shift | B9: 班次定义表 | C9: 0 | D9: 已覆盖 | E9: GET /api/attendance/today；POST /api/attendance/checkin；POST /api/attendance/checkout；GET /api/attendance/records | F9: 打卡签到 /attendance/checkin；考勤统计 /attendance/monthly | G9: 班次随 /api/attendance/today 返回；如需班次维护建议补 GET/POST /api/shifts
A10: leave_type | B10: 假别表 | C10: 0 | D10: 已覆盖 | E10: GET /api/leave-requests/page；POST /api/leave-requests；GET /api/leave-balances/my | F10: 请假申请 /attendance/leave | G10: 假别随请假接口返回；如需维护建议补 GET /api/leave-types
A11: salary_standard | B11: 薪资标准模板表 | C11: 0 | D11: 已覆盖 | E11: GET /api/salary-standards/page；POST /api/salary-standards | F11: 薪资标准 /salary/standard | G11: 由上述接口直接供给
A12: dept | B12: 部门表 | C12: 0 | D12: 已覆盖 | E12: GET /api/leave-requests/page；GET /api/overtime-requests/page；GET /api/business-trips/page；GET /api/dashboard/summary；GET /api/dashboard/charts；GET /api/depts/tree；GET /api/depts；POST /api/depts；PUT /api/depts/${id}；DELETE /api/depts/${id}；GET /api/positions；GET /api/employees/page；GET /api/employees/${id}；GET /api/employees/${id}/changes；GET /api/employee-changes/page；GET /api/recruit-requests/page；GET /api/salary-records/page | F12: 请假申请 /attendance/leave；加班申请 /attendance/overtime；出差管理 /attendance/trip；首页 /dashboard；组织架构 /dept；岗位管理 /dept/positions；员工档案 /employee；我的档案 /employee/profile；异动记录 /employee/changes；招聘需求 /recruit/request；薪资核算 /salary/record | G12: 由上述接口直接供给
A13: position | B13: 岗位表 | C13: 0 | D13: 已覆盖 | E13: GET /api/positions；POST /api/positions；PUT /api/positions/${id}；GET /api/employees/page；GET /api/employees/${id}；PUT /api/employees/${id}；GET /api/employees/${id}/changes；POST /api/employee-changes；GET /api/recruit-requests/page | F13: 岗位管理 /dept/positions；员工档案 /employee；我的档案 /employee/profile；异动记录 /employee/changes；招聘需求 /recruit/request | G13: 由上述接口直接供给
... A50: approval_record | B50: 通用审批记录表 | C50: 0 | D50: 已覆盖 | E50: POST /api/leave-requests；PUT /api/leave-requests/${id}/approve；PUT /api/overtime-requests/${id}/approve；PUT /api/business-trips/${id}/approve；PUT /api/dashboard/todos/${id}/handle；PUT /api/recruit-requests/${id}/approve | F50: 请假申请 /attendance/leave；加班申请 /attendance/overtime；出差管理 /attendance/trip；首页 /dashboard；招聘需求 /recruit/request | G50: 由上述接口直接供给

Sheet 本地配置数据
A1: 配置项 | B1: 类型 | C1: 规模 | D1: 是否允许留前端 | E1: 判定依据 | F1: 相关请求地址
A2: src/dict/index.js | B2: 业务字典 | C2: 49 组 | D2: 允许留在前端 | E2: 与 DB 字段 COMMENT 同源（commonStatus、gender、employeeStatus、employeeType、education、maritalStatus、politicalStatus、deptType…），枚举文案/标签色属展示层规则；后端接通后可改为 /api/sys/dict-types 下发与字典表对齐 | F2: GET /api/sys/dict-types · GET /api/sys/dict-types/{id}/items（管理端已实现，业务页暂用本地字典）
A3: src/settings.js | B3: 系统常量 | C3: 演示账号 5 条 + 标题/预警天数 | D3: 允许留在前端 | E3: 标题为 UI 配置；演示账号仅 mock 通道使用；合同到期预警天数属展示层兜底（与 sys_config 同步） | F3: GET /api/sys/configs（管理端已实现）
A4: src/utils/format.js | B4: 展示层规则 | C4: 6 个函数 | D4: 允许留在前端 | E4: 金额千分位/日期格式/脱敏展示属展示层；数据层（mock 的 empVO 与后端 VO）已同步脱敏，避免仅靠前端遮蔽 | F4: —（非数据来源）
A5: src/router/routes.js | B5: 路由/权限矩阵 | C5: 9 个模块 | D5: 允许留在前端 | E5: 路由与 meta.roles 与需求 2.5 权限矩阵一致；菜单权限表（sys_menu）本期由前端静态定义，后端菜单管理未对接 | F5: —（建议后续对接 GET /api/sys/menus）
A6: src/mock/db.js | B6: 模拟数据 | C6: 49 张表映射数据集 | D6: 仅开发环境 | E6: VITE_USE_MOCK=true 时生效；生产构建 .env.production 已置为 false，切换真实 API 无需改动业务代码 | F6: 全部 91 个请求地址
